Pop	Locus#1	Locus#2	P-Value	S.E.	Switches
WR94-136	Ssa85	Ssa197	0.45927	0.012542	16607
WR94-136	Ssa85	Oneu9	0.179000	0.010584	20413
WR94-136	Ssa197	Oneu9	0.176820	0.010746	11786
WR94-136	Ssa85	Ogo2	0.433170	0.013111	20455
WR94-136	Ssa197	Ogo2	0.522730	0.013145	12007
WR94-136	Oneu9	Ogo2	0.320300	0.014986	12652
WR94-136	Ssa85	Sfo1	0.078570	0.008347	14013
WR94-136	Ssa197	Sfo1	0.779830	0.012586	8775
WR94-136	Oneu9	Sfo1	0.562760	0.023310	8559
WR94-136	Ogo2	Sfo1	0.777040	0.018186	8317
WR94-136	Ssa85	Omy301	0.031290	0.006864	13634
WR94-136	Ssa197	Omy301	0.315730	0.015361	8546
WR94-136	Oneu9	Omy301	0.008730	0.003133	8479
WR94-136	Ogo2	Omy301	0.682090	0.020038	9217
WR94-136	Sfo1	Omy301	0.082980	0.016979	5006
WR94-136	Ssa85	Str15	0.976930	0.001833	30917
WR94-136	Ssa197	Str15	0.636010	0.008686	17664
WR94-136	Oneu9	Str15	0.172160	0.008598	21421
WR94-136	Ogo2	Str15	0.572120	0.012677	21292
WR94-136	Sfo1	Str15	0.343000	0.014102	16277
WR94-136	Omy301	Str15	0.353920	0.016759	15633
WR94-136	Ssa85	Str60	0.111140	0.004046	40356
WR94-136	Ssa197	Str60	0.172820	0.005323	23868
WR94-136	Oneu9	Str60	0.392730	0.009539	28641
WR94-136	Ogo2	Str60	0.734570	0.008386	27327
WR94-136	Sfo1	Str60	0.319640	0.009566	23215
WR94-136	Omy301	Str60	0.568150	0.011405	22267
WR94-136	Str15	Str60	0.585470	0.006951	37600
WR94-136	Ssa85	Str73	0.206280	0.010529	21222
WR94-136	Ssa197	Str73	0.199060	0.011106	12249
WR94-136	Oneu9	Str73	0.273340	0.015199	14146
WR94-136	Ogo2	Str73	0.929060	0.005678	14450
WR94-136	Sfo1	Str73	0.660110	0.019323	10222
WR94-136	Omy301	Str73	0.908160	0.009015	9786
WR94-136	Str15	Str73	0.266380	0.010150	20998
WR94-136	Str60	Str73	0.324840	0.009180	28490
WR94-136	Ssa85	SsoSL417	0.025320	0.004243	12734
WR94-136	Ssa197	SsoSL417	0.791900	0.011317	8014
WR94-136	Oneu9	SsoSL417	0.691250	0.023033	7672
WR94-136	Ogo2	SsoSL417	0.242720	0.020103	7159
WR94-136	Sfo1	SsoSL417	0.323990	0.027654	4051
WR94-136	Omy301	SsoSL417	0.129030	0.018334	4397
WR94-136	Str15	SsoSL417	0.116260	0.010067	14999
WR94-136	Str60	SsoSL417	0.554230	0.012521	21547
WR94-136	Str73	SsoSL417	0.887740	0.012140	9118
WR94-136	Ssa85	SsoSL438	0.094320	0.009021	14663
WR94-136	Ssa197	SsoSL438	0.044190	0.005705	9039
WR94-136	Oneu9	SsoSL438	0.056560	0.009030	8979
WR94-136	Ogo2	SsoSL438	0.578880	0.022608	8944
WR94-136	Sfo1	SsoSL438	0.016020	0.004745	5095
WR94-136	Omy301	SsoSL438	0.002880	0.001293	5259
WR94-136	Str15	SsoSL438	0.466760	0.014621	16552
WR94-136	Str60	SsoSL438	0.113690	0.007699	22658
WR94-136	Str73	SsoSL438	0.332390	0.017502	11237
WR94-136	SsoSL417	SsoSL438	0.582380	0.032949	4454
SE94-130	Ssa85	Ssa197	0.519650	0.034569	2568
SE94-130	Ssa85	Oneu9	0.516460	0.028297	5218
SE94-130	Ssa197	Oneu9	0.086720	0.013964	6431
SE94-130	Ssa85	Ogo2	0.114510	0.021796	2696
SE94-130	Ssa197	Ogo2	0.028650	0.010506	2706
SE94-130	Oneu9	Ogo2	0.067610	0.014151	5435
SE94-130	Ssa85	Sfo1	0.658610	0.039955	897
SE94-130	Ssa197	Sfo1	0.382920	0.044440	1089
SE94-130	Oneu9	Sfo1	0.850620	0.024176	2650
SE94-130	Ogo2	Sfo1	0.162870	0.032897	887
SE94-130	Ssa85	Omy301	0.069840	0.016847	1411
SE94-130	Ssa197	Omy301	0.081330	0.022947	1696
SE94-130	Oneu9	Omy301	0.274140	0.027182	3841
SE94-130	Ogo2	Omy301	0.623670	0.036612	1428
SE94-130	Sfo1	Omy301	0.713390	0.043879	385
SE94-130	Ssa85	Str15	0.424210	0.033778	2772
SE94-130	Ssa197	Str15	0.348880	0.030626	3277
SE94-130	Oneu9	Str15	0.599060	0.024781	6359
SE94-130	Ogo2	Str15	0.042720	0.013703	2527
SE94-130	Sfo1	Str15	0.072100	0.022620	978
SE94-130	Omy301	Str15	0.202680	0.032401	1437
SE94-130	Ssa85	Str60	0.373550	0.023098	7450
SE94-130	Ssa197	Str60	0.504670	0.021014	9065
SE94-130	Oneu9	Str60	0.667950	0.012462	15433
SE94-130	Ogo2	Str60	0.032180	0.006591	7849
SE94-130	Sfo1	Str60	0.163610	0.018883	5095
SE94-130	Omy301	Str60	0.558170	0.025643	6459
SE94-130	Str15	Str60	0.096370	0.012219	8468
SE94-130	Ssa85	Str73	0.526610	0.029323	4738
SE94-130	Ssa197	Str73	0.570410	0.026705	5627
SE94-130	Oneu9	Str73	0.376000	0.018599	10800
SE94-130	Ogo2	Str73	0.096410	0.016556	4900
SE94-130	Sfo1	Str73	0.647920	0.035100	2497
SE94-130	Omy301	Str73	0.158300	0.024671	3647
SE94-130	Str15	Str73	0.008550	0.003325	5619
SE94-130	Str60	Str73	0.065350	0.007368	13881
SE94-130	Ssa85	SsoSL417	0.265010	0.034928	1669
SE94-130	Ssa197	SsoSL417	0.599200	0.038933	1960
SE94-130	Oneu9	SsoSL417	0.802700	0.022974	4367
SE94-130	Ogo2	SsoSL417	0.297870	0.034888	1722
SE94-130	Sfo1	SsoSL417	0.101820	0.028213	520
SE94-130	Omy301	SsoSL417	0.410540	0.043373	843
SE94-130	Str15	SsoSL417	0.402790	0.041720	1831
SE94-130	Str60	SsoSL417	0.820890	0.016854	7087
SE94-130	Str73	SsoSL417	0.952630	0.012618	3943
SE94-130	Ssa85	SsoSL438	0.425100	0.039969	2603
SE94-130	Ssa197	SsoSL438	0.575170	0.031634	3310
SE94-130	Oneu9	SsoSL438	0.134800	0.018144	6952
SE94-130	Ogo2	SsoSL438	0.263290	0.030707	2802
SE94-130	Sfo1	SsoSL438	0.121830	0.028734	1066
SE94-130	Omy301	SsoSL438	0.598410	0.038795	1641
SE94-130	Str15	SsoSL438	0.695660	0.032872	2913
SE94-130	Str60	SsoSL438	0.004570	0.001455	9997
SE94-130	Str73	SsoSL438	0.268820	0.022668	6479
SE94-130	SsoSL417	SsoSL438	0.818190	0.030138	1883
BNT-LV-18	Ssa85	Ssa197	0.313300	0.020193	7998
BNT-LV-18	Ssa85	Oneu9	0.653510	0.022113	6863
BNT-LV-18	Ssa197	Oneu9	0.763200	0.015504	8466
BNT-LV-18	Ssa85	Ogo2	0.397050	0.030932	4090
BNT-LV-18	Ssa197	Ogo2	0.873090	0.017600	5508
BNT-LV-18	Oneu9	Ogo2	0.708680	0.025011	4842
BNT-LV-18	Ssa85	Sfo1	0.735550	0.033891	1986
BNT-LV-18	Ssa197	Sfo1	0.277650	0.032564	2556
BNT-LV-18	Oneu9	Sfo1	0.930130	0.016566	2459
BNT-LV-18	Ogo2	Sfo1	0.922000	0.021901	1008
BNT-LV-18	Ssa85	Omy301	0.870800	0.014385	5255
BNT-LV-18	Ssa197	Omy301	0.024350	0.006591	6632
BNT-LV-18	Oneu9	Omy301	0.213230	0.019891	5950
BNT-LV-18	Ogo2	Omy301	0.107400	0.018289	3411
BNT-LV-18	Sfo1	Omy301	0.147370	0.025716	1627
BNT-LV-18	Ssa85	Str15	0.653280	0.021635	7593
BNT-LV-18	Ssa197	Str15	0.810600	0.016480	9366
BNT-LV-18	Oneu9	Str15	0.100620	0.011564	7825
BNT-LV-18	Ogo2	Str15	0.158730	0.021658	4897
BNT-LV-18	Sfo1	Str15	0.441610	0.036860	2381
BNT-LV-18	Omy301	Str15	0.383770	0.025531	6257
BNT-LV-18	Ssa85	Str60	0.906690	0.008466	10414
BNT-LV-18	Ssa197	Str60	0.535680	0.015970	12542
BNT-LV-18	Oneu9	Str60	0.131640	0.012396	10644
BNT-LV-18	Ogo2	Str60	0.087390	0.013300	7662
BNT-LV-18	Sfo1	Str60	0.180410	0.022557	4511
BNT-LV-18	Omy301	Str60	0.666960	0.017097	9175
BNT-LV-18	Str15	Str60	0.767580	0.012785	11872
BNT-LV-18	Ssa85	Str73	0.830740	0.012916	10577
BNT-LV-18	Ssa197	Str73	0.937900	0.005922	13104
BNT-LV-18	Oneu9	Str73	0.896440	0.008697	11015
BNT-LV-18	Ogo2	Str73	0.238220	0.022074	7315
BNT-LV-18	Sfo1	Str73	0.172900	0.022140	3998
BNT-LV-18	Omy301	Str73	0.398160	0.018850	9020
BNT-LV-18	Str15	Str73	0.116720	0.010613	12248
BNT-LV-18	Str60	Str73	0.229020	0.012930	15605
BNT-LV-18	Ssa85	SsoSL417	0.009560	0.004175	3409
BNT-LV-18	Ssa197	SsoSL417	1.000000	0.000000	4215
BNT-LV-18	Oneu9	SsoSL417	0.280260	0.026618	3979
BNT-LV-18	Ogo2	SsoSL417	0.487500	0.039301	1866
BNT-LV-18	Sfo1	SsoSL417	0.469060	0.044639	671
BNT-LV-18	Omy301	SsoSL417	0.987050	0.005325	2736
BNT-LV-18	Str15	SsoSL417	0.946110	0.012701	3936
BNT-LV-18	Str60	SsoSL417	0.514910	0.024953	6534
BNT-LV-18	Str73	SsoSL417	0.406360	0.025749	6180
BNT-LV-18	Ssa85	SsoSL438	0.484250	0.025394	5942
BNT-LV-18	Ssa197	SsoSL438	0.209710	0.021905	7615
BNT-LV-18	Oneu9	SsoSL438	0.116610	0.014967	6618
BNT-LV-18	Ogo2	SsoSL438	0.542010	0.033612	3865
BNT-LV-18	Sfo1	SsoSL438	0.985150	0.005928	1689
BNT-LV-18	Omy301	SsoSL438	0.866870	0.016387	5044
BNT-LV-18	Str15	SsoSL438	0.656690	0.023701	7047
BNT-LV-18	Str60	SsoSL438	0.603970	0.017910	10368
BNT-LV-18	Str73	SsoSL438	0.006620	0.002156	10286
BNT-LV-18	SsoSL417	SsoSL438	0.586570	0.035467	3004
GC95-130	Ssa85	Ssa197	0.175690	0.020484	4370
GC95-130	Ssa85	Oneu9	0.516550	0.025012	6575
GC95-130	Ssa197	Oneu9	0.616720	0.025871	5412
GC95-130	Ssa85	Ogo2	0.093900	0.015643	4648
GC95-130	Ssa197	Ogo2	0.047760	0.012827	3735
GC95-130	Oneu9	Ogo2	0.349570	0.027122	5796
GC95-130	Ssa85	Sfo1	0.460100	0.034935	2488
GC95-130	Ssa197	Sfo1	0.281800	0.032254	1881
GC95-130	Oneu9	Sfo1	0.116320	0.019881	2892
GC95-130	Ogo2	Sfo1	0.010520	0.007107	1702
GC95-130	Ssa85	Omy301	0.896830	0.018256	2886
GC95-130	Ssa197	Omy301	0.380480	0.037740	2416
GC95-130	Oneu9	Omy301	0.025600	0.008095	3572
GC95-130	Ogo2	Omy301	0.049530	0.015285	2374
GC95-130	Sfo1	Omy301	0.167490	0.031647	1128
GC95-130	Ssa85	Str15	0.437830	0.027456	6305
GC95-130	Ssa197	Str15	0.641820	0.026215	5355
GC95-130	Oneu9	Str15	0.365750	0.023297	8263
GC95-130	Ogo2	Str15	0.046740	0.010671	5689
GC95-130	Sfo1	Str15	0.428560	0.031639	3194
GC95-130	Omy301	Str15	0.932650	0.014334	3663
GC95-130	Ssa85	Str60	0.790370	0.011346	10929
GC95-130	Ssa197	Str60	0.143260	0.012782	9905
GC95-130	Oneu9	Str60	0.646320	0.017894	14638
GC95-130	Ogo2	Str60	0.244160	0.016156	10915
GC95-130	Sfo1	Str60	0.239650	0.021498	6690
GC95-130	Omy301	Str60	0.515050	0.023682	6909
GC95-130	Str15	Str60	0.992080	0.001333	13209
GC95-130	Ssa85	Str73	0.385590	0.019907	7734
GC95-130	Ssa197	Str73	0.324910	0.021105	6765
GC95-130	Oneu9	Str73	0.107800	0.012002	10034
GC95-130	Ogo2	Str73	0.286770	0.019769	7644
GC95-130	Sfo1	Str73	0.640470	0.026918	4596
GC95-130	Omy301	Str73	0.059580	0.010457	4944
GC95-130	Str15	Str73	0.661280	0.019464	9031
GC95-130	Str60	Str73	0.710540	0.010453	15142
GC95-130	Ssa85	SsoSL417	0.136030	0.021619	3811
GC95-130	Ssa197	SsoSL417	0.926300	0.014106	3227
GC95-130	Oneu9	SsoSL417	0.890060	0.016867	4667
GC95-130	Ogo2	SsoSL417	0.012110	0.007214	2977
GC95-130	Sfo1	SsoSL417	0.303960	0.036817	1363
GC95-130	Omy301	SsoSL417	0.004660	0.003298	1932
GC95-130	Str15	SsoSL417	0.009350	0.004864	4788
GC95-130	Str60	SsoSL417	0.276390	0.022191	9205
GC95-130	Str73	SsoSL417	0.304380	0.021917	6612
GC95-130	Ssa85	SsoSL438	0.924930	0.008058	10356
GC95-130	Ssa197	SsoSL438	0.225530	0.017197	9020
GC95-130	Oneu9	SsoSL438	0.792110	0.013301	13404
GC95-130	Ogo2	SsoSL438	0.414570	0.021573	10079
GC95-130	Sfo1	SsoSL438	0.067600	0.013453	5909
GC95-130	Omy301	SsoSL438	0.174670	0.020762	6352
GC95-130	Str15	SsoSL438	0.069190	0.009328	12221
GC95-130	Str60	SsoSL438	0.477900	0.011523	20017
GC95-130	Str73	SsoSL438	0.688780	0.013237	14116
GC95-130	SsoSL417	SsoSL438	0.256370	0.019893	8444
WI-SEBN-50	Ssa85	Ssa197	0.680500	0.031501	4565
WI-SEBN-50	Ssa85	Oneu9	0.913800	0.008440	9596
WI-SEBN-50	Ssa197	Oneu9	0.396760	0.021632	6976
WI-SEBN-50	Ssa85	Ogo2	0.026030	0.008742	4817
WI-SEBN-50	Ssa197	Ogo2	0.494580	0.034493	3051
WI-SEBN-50	Oneu9	Ogo2	0.075490	0.008487	6773
WI-SEBN-50	Ssa85	Sfo1	0.593110	0.037116	2549
WI-SEBN-50	Ssa197	Sfo1	0.165610	0.032178	1471
WI-SEBN-50	Oneu9	Sfo1	0.293540	0.022418	5246
WI-SEBN-50	Ogo2	Sfo1	0.000000	0.000000	1712
WI-SEBN-50	Ssa85	Omy301	0.235170	0.034164	2446
WI-SEBN-50	Ssa197	Omy301	0.000000	0.000000	1425
WI-SEBN-50	Oneu9	Omy301	0.536380	0.028679	5023
WI-SEBN-50	Ogo2	Omy301	0.000000	0.000000	1639
WI-SEBN-50	Sfo1	Omy301	0.000000	0.000000	610
WI-SEBN-50	Ssa85	Str15	0.007150	0.003772	7641
WI-SEBN-50	Ssa197	Str15	0.673640	0.025700	5293
WI-SEBN-50	Oneu9	Str15	0.067440	0.006634	9776
WI-SEBN-50	Ogo2	Str15	0.003550	0.002580	5050
WI-SEBN-50	Sfo1	Str15	0.540030	0.029751	3285
WI-SEBN-50	Omy301	Str15	0.338960	0.034173	3110
WI-SEBN-50	Ssa85	Str60	0.403060	0.015921	15518
WI-SEBN-50	Ssa197	Str60	0.068570	0.008710	10758
WI-SEBN-50	Oneu9	Str60	0.578930	0.011959	15962
WI-SEBN-50	Ogo2	Str60	0.485310	0.021545	10465
WI-SEBN-50	Sfo1	Str60	0.174980	0.018269	7436
WI-SEBN-50	Omy301	Str60	0.179580	0.017553	6988
WI-SEBN-50	Str15	Str60	0.562050	0.015867	15279
WI-SEBN-50	Ssa85	Str73	0.085870	0.009210	15788
WI-SEBN-50	Ssa197	Str73	0.336570	0.021808	10715
WI-SEBN-50	Oneu9	Str73	0.468820	0.013077	17111
WI-SEBN-50	Ogo2	Str73	0.641520	0.018510	10649
WI-SEBN-50	Sfo1	Str73	0.447200	0.025480	6859
WI-SEBN-50	Omy301	Str73	0.020910	0.006461	6503
WI-SEBN-50	Str15	Str73	0.787120	0.012707	15750
WI-SEBN-50	Str60	Str73	0.092510	0.007243	27631
WI-SEBN-50	Ssa85	SsoSL417	0.838390	0.023051	3288
WI-SEBN-50	Ssa197	SsoSL417	0.040670	0.013419	1936
WI-SEBN-50	Oneu9	SsoSL417	0.139810	0.016949	5778
WI-SEBN-50	Ogo2	SsoSL417	0.000090	0.000090	2025
WI-SEBN-50	Sfo1	SsoSL417	0.177340	0.032950	930
WI-SEBN-50	Omy301	SsoSL417	0.200890	0.037811	840
WI-SEBN-50	Str15	SsoSL417	0.889640	0.017031	3757
WI-SEBN-50	Str60	SsoSL417	0.870440	0.014543	8266
WI-SEBN-50	Str73	SsoSL417	0.387610	0.024227	7816
WI-SEBN-50	Ssa85	SsoSL438	0.047620	0.008898	6692
WI-SEBN-50	Ssa197	SsoSL438	0.048520	0.012225	4207
WI-SEBN-50	Oneu9	SsoSL438	0.255610	0.017580	9023
WI-SEBN-50	Ogo2	SsoSL438	0.080040	0.016848	4259
WI-SEBN-50	Sfo1	SsoSL438	0.409700	0.032785	2406
WI-SEBN-50	Omy301	SsoSL438	0.050970	0.013533	2219
WI-SEBN-50	Str15	SsoSL438	0.626550	0.023299	7170
WI-SEBN-50	Str60	SsoSL438	0.410520	0.016044	13765
WI-SEBN-50	Str73	SsoSL438	0.841100	0.011017	14213
WI-SEBN-50	SsoSL417	SsoSL438	0.398370	0.035147	2980
WI-WRBN-50	Ssa85	Ssa197	0.975490	0.002460	22821
WI-WRBN-50	Ssa85	Oneu9	0.395620	0.012185	25659
WI-WRBN-50	Ssa197	Oneu9	0.395910	0.011395	20587
WI-WRBN-50	Ssa85	Ogo2	0.878860	0.008551	15206
WI-WRBN-50	Ssa197	Ogo2	0.088350	0.008239	12671
WI-WRBN-50	Oneu9	Ogo2	0.234120	0.013842	14310
WI-WRBN-50	Ssa85	Sfo1	0.843710	0.015775	8637
WI-WRBN-50	Ssa197	Sfo1	0.077820	0.011772	8259
WI-WRBN-50	Oneu9	Sfo1	0.924800	0.009401	8074
WI-WRBN-50	Ogo2	Sfo1	0.084180	0.015920	4191
WI-WRBN-50	Ssa85	Omy301	0.249910	0.019084	9831
WI-WRBN-50	Ssa197	Omy301	0.606490	0.019411	9106
WI-WRBN-50	Oneu9	Omy301	0.027050	0.005905	9426
WI-WRBN-50	Ogo2	Omy301	0.665000	0.027280	4617
WI-WRBN-50	Sfo1	Omy301	0.225360	0.030008	2176
WI-WRBN-50	Ssa85	Str15	0.992860	0.001537	16521
WI-WRBN-50	Ssa197	Str15	0.028070	0.003391	15172
WI-WRBN-50	Oneu9	Str15	0.312800	0.014472	15109
WI-WRBN-50	Ogo2	Str15	0.171200	0.014802	8323
WI-WRBN-50	Sfo1	Str15	0.435450	0.028463	4538
WI-WRBN-50	Omy301	Str15	0.030030	0.007206	5436
WI-WRBN-50	Ssa85	Str60	0.136890	0.005491	41559
WI-WRBN-50	Ssa197	Str60	0.096300	0.005021	34098
WI-WRBN-50	Oneu9	Str60	0.664970	0.005986	38853
WI-WRBN-50	Ogo2	Str60	0.811160	0.007070	25934
WI-WRBN-50	Sfo1	Str60	0.761210	0.011458	17628
WI-WRBN-50	Omy301	Str60	0.907650	0.006165	19844
WI-WRBN-50	Str15	Str60	0.075920	0.005494	28244
WI-WRBN-50	Ssa85	Str73	0.514240	0.012047	29375
WI-WRBN-50	Ssa197	Str73	0.213960	0.008821	24253
WI-WRBN-50	Oneu9	Str73	0.191640	0.008508	26537
WI-WRBN-50	Ogo2	Str73	0.693960	0.013371	15959
WI-WRBN-50	Sfo1	Str73	0.030010	0.007078	9834
WI-WRBN-50	Omy301	Str73	0.734830	0.019561	10999
WI-WRBN-50	Str15	Str73	0.011800	0.002438	17615
WI-WRBN-50	Str60	Str73	0.026090	0.002205	44045
WI-WRBN-50	Ssa85	SsoSL417	0.532790	0.019365	10782
WI-WRBN-50	Ssa197	SsoSL417	0.910220	0.008006	11338
WI-WRBN-50	Oneu9	SsoSL417	0.602180	0.020546	10211
WI-WRBN-50	Ogo2	SsoSL417	0.975750	0.006071	5185
WI-WRBN-50	Sfo1	SsoSL417	0.206840	0.029460	2661
WI-WRBN-50	Omy301	SsoSL417	0.644240	0.035165	3003
WI-WRBN-50	Str15	SsoSL417	0.500140	0.026490	6145
WI-WRBN-50	Str60	SsoSL417	0.278970	0.010375	20887
WI-WRBN-50	Str73	SsoSL417	0.180080	0.015469	11539
WI-WRBN-50	Ssa85	SsoSL438	0.598360	0.016996	14626
WI-WRBN-50	Ssa197	SsoSL438	0.305940	0.014878	12902
WI-WRBN-50	Oneu9	SsoSL438	0.120940	0.009815	14303
WI-WRBN-50	Ogo2	SsoSL438	0.326770	0.024226	7043
WI-WRBN-50	Sfo1	SsoSL438	0.000000	0.000000	3588
WI-WRBN-50	Omy301	SsoSL438	0.074580	0.015955	3745
WI-WRBN-50	Str15	SsoSL438	0.262500	0.019343	8113
WI-WRBN-50	Str60	SsoSL438	0.998720	0.000398	27329
WI-WRBN-50	Str73	SsoSL438	0.228690	0.014557	15443
WI-WRBN-50	SsoSL417	SsoSL438	0.505490	0.028373	4709